year,id,language,files,blank,comment,code
1994,1,C,440,25562,58367,120756
1994,2,C/C++ Header,337,4573,15661,16661
1994,3,lex,45,74,404,6110
1994,4,Bourne Shell,45,405,830,2453
1994,5,yacc,2,405,361,2105
1994,6,make,69,571,628,2059
1994,7,TeX,2,93,17,836
1994,8,Fortran 77,55,176,21,588
1994,9,Perl,4,71,82,324
1994,10,Assembly,3,8,36,77
1994,11,Clojure,1,15,0,60
1994,12,awk,1,0,8,23
1994,13,PHP,1,9,3,17
1994,14,sed,1,0,6,2
1994,15,C Shell,1,0,0,1
1996,1,C,322,18849,42106,89151
1996,2,C/C++ Header,281,3049,10038,11808
1996,3,yacc,2,286,382,1738
1996,4,Fortran 77,61,225,26,1148
1996,5,Bourne Shell,18,202,415,946
1996,6,make,33,329,621,743
1996,7,SQL,19,109,253,545
1996,8,C++,9,118,216,488
1996,9,lex,2,56,54,261
1996,10,Assembly,3,9,29,75
1996,11,Tcl/Tk,2,8,34,45
1996,12,C Shell,1,2,0,6
1996,13,sed,1,0,7,2
1997,1,C,340,19989,43617,94927
1997,2,C/C++ Header,300,3167,10491,12147
1997,3,lex,45,116,63,3775
1997,4,make,93,924,1078,2020
1997,5,yacc,2,298,383,1830
1997,6,Bourne Shell,19,222,398,1049
1997,7,SQL,23,184,366,731
1997,8,C++,9,117,216,482
1997,9,Assembly,3,9,29,75
1997,10,Perl,1,13,21,59
1997,11,Tcl/Tk,2,8,34,45
1997,12,C Shell,1,2,0,6
1997,13,sed,1,0,7,2
1998,1,C,380,25130,46393,120556
1998,2,C/C++ Header,332,3633,10799,15497
1998,3,Bourne Shell,34,879,1214,7354
1998,4,HTML,21,331,1,4831
1998,5,lex,57,178,111,4479
1998,6,yacc,2,475,550,3446
1998,7,Java,20,646,3285,3143
1998,8,SQL,82,1714,1235,3049
1998,9,Tcl/Tk,3,118,187,2746
1998,10,make,103,1037,1135,2170
1998,11,Perl,7,409,581,722
1998,12,Text,3,242,0,617
1998,13,C++,13,137,360,523
1998,14,Assembly,4,12,29,105
1998,15,diff,1,4,12,7
1998,16,C Shell,1,2,0,6
1998,17,sed,1,0,7,2
1999,1,C,458,34247,54730,166568
1999,2,C/C++ Header,373,4706,12465,20209
1999,3,Bourne Shell,45,1622,1792,12458
1999,4,yacc,4,1279,1289,9570
1999,5,SQL,107,2296,1830,6889
1999,6,Java,33,1179,5130,5555
1999,7,lex,62,315,244,5438
1999,8,Tcl/Tk,4,218,158,5194
1999,9,make,115,1129,1295,2328
1999,10,Python,14,133,157,1731
1999,11,HTML,10,146,0,1171
1999,12,Perl,9,458,676,826
1999,13,C++,14,146,360,573
1999,14,Text,6,623,0,522
1999,15,Windows Resource File,2,34,35,230
1999,16,IDL,4,80,0,195
1999,17,Windows Module Definition,2,1,0,127
1999,18,Assembly,3,9,29,73
1999,19,C Shell,2,12,25,62
1999,20,diff,1,4,12,7
1999,21,INI,1,0,0,3
1999,22,sed,1,0,7,2
2000,1,C,498,36211,63215,164892
2000,2,C/C++ Header,403,5176,13636,20863
2000,3,Bourne Shell,56,1959,2387,16238
2000,4,yacc,4,1417,1749,9383
2000,5,SQL,118,2595,2160,9105
2000,6,Java,48,1923,8393,8907
2000,7,Tcl/Tk,19,590,251,7710
2000,8,make,116,1210,1321,2742
2000,9,HTML,33,272,0,2273
2000,10,lex,5,220,281,1091
2000,11,Perl,11,503,700,972
2000,12,Python,9,102,103,950
2000,13,C++,14,216,339,636
2000,14,Text,7,623,0,524
2000,15,IDL,5,84,0,231
2000,16,Windows Resource File,2,34,35,230
2000,17,Windows Module Definition,2,1,0,128
2000,18,Assembly,3,9,29,73
2000,19,Properties,2,0,3,71
2000,20,C Shell,2,12,25,62
2000,21,Bourne Again Shell,3,6,8,30
2000,22,diff,1,6,27,13
2000,23,INI,1,0,0,3
2000,24,sed,1,0,7,2
2001,1,C,532,42300,73164,193300
2001,2,C/C++ Header,418,5624,14808,22587
2001,3,Java,93,4015,17384,18157
2001,4,Bourne Shell,63,2055,2319,14876
2001,5,yacc,6,1511,1857,10389
2001,6,SQL,102,2882,2281,9643
2001,7,Tcl/Tk,19,591,252,7752
2001,8,HTML,36,944,8,4660
2001,9,make,130,1418,1223,3363
2001,10,Perl,24,773,951,2406
2001,11,lex,7,339,546,1556
2001,12,Python,9,203,306,1067
2001,13,m4,11,98,29,802
2001,14,C++,14,216,343,641
2001,15,Text,6,618,0,516
2001,16,Properties,5,0,13,273
2001,17,IDL,5,84,0,231
2001,18,Windows Resource File,2,34,35,230
2001,19,Windows Module Definition,2,1,0,140
2001,20,Assembly,3,9,29,73
2001,21,C Shell,1,10,25,56
2001,22,Ant,1,20,25,53
2001,23,Bourne Again Shell,3,6,8,30
2001,24,awk,1,3,30,20
2001,25,diff,1,6,27,13
2001,26,INI,1,0,0,3
2002,1,C,577,48031,83353,230088
2002,2,PO File,26,16589,17382,47625
2002,3,C/C++ Header,437,6011,15763,24459
2002,4,Java,119,3730,11903,18515
2002,5,Bourne Shell,64,2146,2360,16165
2002,6,yacc,6,1597,2018,11077
2002,7,SQL,128,3251,2576,11074
2002,8,Tcl/Tk,19,599,288,7819
2002,9,HTML,39,1384,14,6396
2002,10,Perl,34,1407,1509,4359
2002,11,make,152,1435,1247,3354
2002,12,XML,3,3,2,2772
2002,13,lex,8,402,586,1820
2002,14,Python,8,207,311,1097
2002,15,m4,13,144,32,1055
2002,16,C++,14,216,346,660
2002,17,Text,6,618,0,505
2002,18,Windows Resource File,3,38,35,417
2002,19,Properties,7,1,19,366
2002,20,IDL,5,84,0,231
2002,21,Ant,2,76,46,183
2002,22,Windows Module Definition,3,2,3,153
2002,23,Assembly,3,9,29,73
2002,24,CSS,1,14,6,39
2002,25,diff,1,7,41,31
2002,26,Bourne Again Shell,2,5,8,24
2002,27,awk,1,3,30,20
2002,28,DTD,1,1,0,15
2002,29,INI,1,0,0,3
2003,1,C,593,49735,88756,236316
2003,2,PO File,41,23571,25238,66630
2003,3,C/C++ Header,412,5837,15898,23259
2003,4,Bourne Shell,63,2810,3617,22890
2003,5,Java,132,3345,9261,17357
2003,6,SQL,139,3693,3034,12224
2003,7,yacc,6,1850,2208,12107
2003,8,HTML,9,1567,21,7416
2003,9,Perl,35,1540,1364,5488
2003,10,make,179,1381,1333,3399
2003,11,lex,8,429,612,1885
2003,12,Python,8,215,327,1134
2003,13,m4,12,139,24,921
2003,14,Properties,6,1,16,396
2003,15,IDL,5,84,0,231
2003,16,Ant,1,56,37,225
2003,17,Windows Module Definition,3,1,3,194
2003,18,Assembly,3,9,29,73
2003,19,C++,1,9,0,50
2003,20,Tcl/Tk,2,8,34,46
2003,21,CSS,1,15,6,42
2003,22,diff,1,7,41,31
2003,23,Windows Resource File,1,1,0,30
2003,24,Bourne Again Shell,2,5,8,24
2003,25,awk,1,3,30,20
2003,26,Text,1,11,0,13
2004,1,C,661,56881,101840,286382
2004,2,PO File,84,34914,40012,104719
2004,3,C/C++ Header,447,6501,17097,26178
2004,4,Bourne Shell,55,2714,3677,22665
2004,5,Java,140,3770,9633,19806
2004,6,SQL,139,4246,3504,14157
2004,7,yacc,6,1874,2156,13125
2004,8,HTML,14,2475,21,11569
2004,9,Perl,36,1567,1379,5632
2004,10,make,188,1460,1380,3567
2004,11,lex,9,510,704,2383
2004,12,m4,12,163,24,1115
2004,13,Nemerle,1,7,0,963
2004,14,Properties,9,1,28,749
2004,15,Text,2,0,0,442
2004,16,Windows Module Definition,3,2,6,343
2004,17,Ant,1,65,55,243
2004,18,IDL,5,84,0,231
2004,19,Assembly,3,9,29,73
2004,20,C++,1,9,0,50
2004,21,Tcl/Tk,2,8,34,46
2004,22,CSS,1,16,7,44
2004,23,Windows Resource File,1,1,0,30
2004,24,Bourne Again Shell,2,5,8,24
2004,25,diff,1,5,26,22
2004,26,awk,1,3,30,20
2004,27,Python,1,5,0,13
2005,1,C,709,63212,112772,319476
2005,2,PO File,159,60699,76287,186558
2005,3,C/C++ Header,462,7261,18169,28916
2005,4,Bourne Shell,53,2732,3840,23340
2005,5,SQL,168,4990,3740,16505
2005,6,HTML,19,2699,20,15668
2005,7,yacc,6,1943,2251,13554
2005,8,Perl,36,1568,1439,5284
2005,9,make,193,1498,1427,3996
2005,10,lex,10,733,1266,3469
2005,11,m4,12,181,30,1303
2005,12,Nemerle,1,7,0,963
2005,13,Text,3,0,0,630
2005,14,IDL,4,80,0,195
2005,15,XSLT,2,49,30,137
2005,16,XML,2,38,0,116
2005,17,Assembly,3,9,29,73
2005,18,diff,2,22,87,56
2005,19,C++,1,9,0,50
2005,20,CSS,1,16,7,44
2005,21,Windows Resource File,2,3,0,32
2005,22,Bourne Again Shell,2,5,8,24
2005,23,awk,1,3,30,20
2005,24,Python,1,5,0,13
2005,25,Windows Message File,1,0,0,5
2005,26,Windows Module Definition,1,0,1,3
2006,1,C,733,68506,122468,345439
2006,2,PO File,166,65391,82159,201008
2006,3,C/C++ Header,469,7671,19233,30752
2006,4,Bourne Shell,48,2928,2852,27407
2006,5,SQL,182,5627,4225,18561
2006,6,HTML,21,2716,18,18123
2006,7,yacc,6,1959,2401,14183
2006,8,Perl,30,1262,1038,4201
2006,9,make,184,1498,1432,3990
2006,10,lex,8,635,1333,3146
2006,11,m4,12,188,30,1351
2006,12,Nemerle,1,7,0,963
2006,13,Text,3,0,0,634
2006,14,XSLT,2,49,30,137
2006,15,Assembly,4,12,29,105
2006,16,diff,1,12,67,95
2006,17,CSS,1,16,7,44
2006,18,XML,1,0,0,33
2006,19,Windows Resource File,2,3,0,32
2006,20,awk,1,3,30,20
2006,21,Python,1,5,0,13
2006,22,Windows Message File,1,0,0,5
2006,23,Windows Module Definition,1,0,1,3
2007,1,C,809,77364,132504,380277
2007,2,PO File,167,67270,82932,211818
2007,3,C/C++ Header,493,8061,20154,33518
2007,4,Bourne Shell,52,2973,3009,27908
2007,5,SQL,207,6696,4663,20915
2007,6,HTML,20,2706,17,18382
2007,7,yacc,6,2000,2569,14671
2007,8,make,184,1554,1443,4145
2007,9,lex,8,651,1399,3308
2007,10,Perl,25,446,428,2634
2007,11,Text,13,13,0,1911
2007,12,m4,12,188,30,1360
2007,13,Nemerle,1,7,0,963
2007,14,DOS Batch,4,28,1,104
2007,15,XSLT,4,38,25,103
2007,16,diff,1,12,67,96
2007,17,Assembly,3,17,27,60
2007,18,CSS,1,16,7,44
2007,19,XML,1,0,0,33
2007,20,Windows Resource File,2,3,0,32
2007,21,D,1,3,8,13
2007,22,Python,1,5,0,13
2007,23,Windows Message File,1,0,0,5
2007,24,Windows Module Definition,1,0,1,3
2008,1,C,877,84621,145413,431083
2008,2,PO File,174,69631,86784,220098
2008,3,C/C++ Header,527,8638,21801,35704
2008,4,Bourne Shell,50,3048,3066,27255
2008,5,Text,18,13,0,25185
2008,6,SQL,224,7263,5095,22813
2008,7,HTML,18,2604,35,15804
2008,8,yacc,6,2040,2557,15530
2008,9,make,192,1488,1537,4224
2008,10,Perl,30,620,505,3927
2008,11,lex,8,673,1488,3445
2008,12,m4,12,194,30,1395
2008,13,Nemerle,1,7,0,963
2008,14,DOS Batch,7,53,20,182
2008,15,XSLT,4,38,25,103
2008,16,diff,1,12,67,96
2008,17,XML,2,6,7,75
2008,18,Assembly,3,17,27,60
2008,19,CSS,1,16,7,44
2008,20,Windows Resource File,2,3,0,32
2008,21,D,1,3,8,13
2008,22,Python,1,5,0,13
2008,23,Windows Message File,1,0,0,5
2008,24,Windows Module Definition,1,0,1,3
2008,25,Snakemake,1,0,5,1
2009,1,C,903,89235,156148,454677
2009,2,PO File,176,74067,95943,232774
2009,3,C/C++ Header,551,8923,22399,37577
2009,4,Bourne Shell,51,3611,3185,27603
2009,5,SQL,233,8006,5560,25641
2009,6,Text,18,13,0,25364
2009,7,HTML,17,2400,35,13822
2009,8,yacc,5,1330,1883,11591
2009,9,Perl,33,708,616,4576
2009,10,make,200,1323,1513,3826
2009,11,lex,8,698,1513,3668
2009,12,m4,12,199,33,1423
2009,13,Nemerle,1,7,0,963
2009,14,DOS Batch,7,53,22,188
2009,15,XSLT,5,41,30,111
2009,16,diff,1,12,67,96
2009,17,XML,2,6,7,75
2009,18,Assembly,3,17,36,69
2009,19,D,1,15,12,67
2009,20,CSS,1,16,7,44
2009,21,Windows Resource File,2,3,0,32
2009,22,sed,1,1,7,15
2009,23,Python,1,5,0,13
2009,24,Windows Message File,1,0,0,5
2009,25,Windows Module Definition,1,0,1,3
2009,26,Snakemake,1,0,5,1
2010,1,C,924,93869,166090,477267
2010,2,PO File,144,38164,52585,124680
2010,3,C/C++ Header,561,9931,26217,41989
2010,4,Bourne Shell,47,3769,3293,29826
2010,5,SQL,278,8770,5859,28037
2010,6,Text,18,13,0,25382
2010,7,yacc,5,1366,2018,12331
2010,8,Perl,37,823,718,5103
2010,9,make,203,1321,1507,3848
2010,10,lex,7,681,1418,3566
2010,11,m4,12,190,33,1366
2010,12,Nemerle,1,7,0,963
2010,13,HTML,2,94,1,410
2010,14,XSLT,5,60,53,212
2010,15,Snakemake,2,0,5,188
2010,16,DOS Batch,7,53,22,187
2010,17,diff,1,12,67,96
2010,18,XML,2,6,7,75
2010,19,Assembly,3,17,36,69
2010,20,CSS,1,20,7,69
2010,21,D,1,14,14,65
2010,22,Windows Resource File,2,3,0,32
2010,23,sed,1,1,7,15
2010,24,Python,1,5,0,13
2010,25,Windows Message File,1,0,0,5
2010,26,Windows Module Definition,1,0,1,3
2011,1,C,978,99234,176594,499997
2011,2,PO File,154,40433,57516,127742
2011,3,C/C++ Header,580,10272,26908,43692
2011,4,SQL,288,9238,6124,29950
2011,5,Bourne Shell,43,3671,3069,29602
2011,6,Text,18,12,0,25397
2011,7,yacc,5,1404,2103,12877
2011,8,Perl,44,978,941,5943
2011,9,make,210,1376,1564,4002
2011,10,lex,7,698,1461,3703
2011,11,m4,12,195,33,1416
2011,12,Nemerle,1,7,0,963
2011,13,HTML,2,93,1,410
2011,14,XSLT,5,64,58,248
2011,15,DOS Batch,7,53,22,188
2011,16,Snakemake,2,0,5,188
2011,17,diff,1,12,67,96
2011,18,XML,2,6,7,78
2011,19,Assembly,3,17,36,69
2011,20,CSS,1,20,7,69
2011,21,D,1,14,14,65
2011,22,Windows Resource File,2,3,0,32
2011,23,sed,1,1,7,15
2011,24,Python,1,5,0,13
2011,25,Windows Message File,1,0,0,5
2011,26,Windows Module Definition,1,0,1,3
2012,1,C,1039,107310,193921,540813
2012,2,PO File,191,56054,82752,168365
2012,3,C/C++ Header,624,10858,29032,46381
2012,4,SQL,361,11366,7320,43751
2012,5,Bourne Shell,44,3757,3125,30475
2012,6,Text,19,98,0,25774
2012,7,yacc,7,1512,2245,14110
2012,8,Perl,53,1143,1062,6573
2012,9,make,216,1517,1595,4305
2012,10,lex,9,759,1544,3950
2012,11,m4,12,197,33,1453
2012,12,Nemerle,1,7,0,963
2012,13,HTML,2,93,1,410
2012,14,XSLT,5,60,50,247
2012,15,Snakemake,2,0,5,188
2012,16,diff,1,17,118,153
2012,17,DOS Batch,7,27,29,85
2012,18,XML,2,6,7,78
2012,19,Assembly,3,17,36,69
2012,20,CSS,1,20,7,69
2012,21,D,1,14,14,65
2012,22,Windows Resource File,2,3,0,32
2012,23,sed,1,1,7,15
2012,24,Python,1,5,0,13
2012,25,Bourne Again Shell,1,8,6,10
2012,26,CSV,2,0,0,8
2012,27,Windows Message File,1,0,0,5
2012,28,Windows Module Definition,1,0,1,4
2013,1,C,1064,110944,205029,559396
2013,2,PO File,191,56054,82752,168365
2013,3,C/C++ Header,624,11066,30034,48163
2013,4,SQL,372,12002,7714,46083
2013,5,Bourne Shell,43,3712,3050,30394
2013,6,Text,19,98,0,25801
2013,7,yacc,7,1539,2284,14748
2013,8,Perl,59,1496,1232,8472
2013,9,make,220,1526,1620,4303
2013,10,lex,9,769,1587,4079
2013,11,m4,12,204,33,1508
2013,12,Nemerle,1,7,0,963
2013,13,XSLT,5,69,57,262
2013,14,Snakemake,2,0,5,188
2013,15,diff,1,17,118,153
2013,16,DOS Batch,7,27,29,90
2013,17,XML,2,6,7,78
2013,18,Assembly,3,17,36,69
2013,19,CSS,1,20,7,69
2013,20,D,1,14,14,67
2013,21,Windows Resource File,2,3,0,32
2013,22,sed,1,1,7,15
2013,23,Python,1,5,0,13
2013,24,Bourne Again Shell,1,8,6,10
2013,25,CSV,2,0,0,8
2013,26,Windows Message File,1,0,0,5
2013,27,Windows Module Definition,1,0,1,4
2014,1,C,1092,116664,218948,588165
2014,2,PO File,195,70951,96738,215455
2014,3,C/C++ Header,642,11385,31150,49668
2014,4,SQL,388,12564,8172,49012
2014,5,Text,20,96,0,26015
2014,6,Bourne Shell,41,2635,2459,17075
2014,7,yacc,7,1581,2438,14959
2014,8,Perl,60,1544,1239,8692
2014,9,make,224,1577,1660,4429
2014,10,lex,9,778,1600,4203
2014,11,m4,12,216,33,1602
2014,12,Nemerle,1,7,0,963
2014,13,XSLT,5,74,54,294
2014,14,Snakemake,2,0,5,188
2014,15,diff,1,17,118,153
2014,16,DOS Batch,7,29,30,92
2014,17,XML,2,6,7,78
2014,18,Assembly,3,17,36,69
2014,19,CSS,1,20,7,69
2014,20,D,1,14,14,67
2014,21,Windows Resource File,2,3,0,32
2014,22,Lisp,1,1,1,16
2014,23,sed,1,1,7,15
2014,24,Python,1,5,0,13
2014,25,Bourne Again Shell,1,8,6,10
2014,26,CSV,2,0,0,8
2014,27,Windows Message File,1,0,0,5
2014,28,Windows Module Definition,1,0,1,4
2015,1,C,1135,124183,234142,621176
2015,2,PO File,195,69940,90432,213751
2015,3,SQL,420,13781,9080,54541
2015,4,C/C++ Header,685,12235,33560,53730
2015,5,Text,21,96,0,26007
2015,6,Bourne Shell,41,2655,2414,17303
2015,7,yacc,7,1626,2516,15560
2015,8,Perl,83,1778,1399,9615
2015,9,make,231,1665,1731,4760
2015,10,lex,9,796,1642,4306
2015,11,m4,12,227,32,1731
2015,12,Nemerle,1,7,0,963
2015,13,XSLT,5,76,55,294
2015,14,Snakemake,2,0,5,188
2015,15,diff,1,17,118,153
2015,16,DOS Batch,7,30,30,105
2015,17,XML,2,6,7,81
2015,18,Assembly,3,17,38,69
2015,19,CSS,1,20,7,69
2015,20,D,1,14,14,66
2015,21,Windows Resource File,2,3,0,32
2015,22,Lisp,1,1,1,16
2015,23,sed,1,1,7,15
2015,24,Python,1,5,0,13
2015,25,Bourne Again Shell,1,8,6,10
2015,26,CSV,2,0,0,9
2015,27,Windows Message File,1,0,0,5
2015,28,Windows Module Definition,1,0,1,4
2016,1,C,1177,130701,248793,652726
2016,2,PO File,197,75128,95373,226971
2016,3,SQL,487,15161,10261,60645
2016,4,C/C++ Header,716,12705,35052,55588
2016,5,XML,3,10,18,30982
2016,6,Text,22,97,0,26069
2016,7,Bourne Shell,40,2726,2484,17793
2016,8,yacc,8,1688,2624,16105
2016,9,Perl,92,2080,1619,10845
2016,10,make,243,1763,1750,5015
2016,11,lex,10,826,1704,4526
2016,12,m4,12,246,27,1927
2016,13,Nemerle,1,7,0,972
2016,14,Snakemake,2,0,5,414
2016,15,XSLT,5,78,56,298
2016,16,diff,1,17,118,153
2016,17,DOS Batch,7,22,30,94
2016,18,Python,2,21,26,94
2016,19,Assembly,3,17,38,69
2016,20,CSS,1,20,7,69
2016,21,D,1,14,14,66
2016,22,Windows Resource File,2,3,0,32
2016,23,Lisp,1,1,1,17
2016,24,sed,1,1,7,15
2016,25,Bourne Again Shell,1,8,6,10
2016,26,CSV,2,0,0,9
2016,27,Windows Message File,1,0,0,5
2016,28,Windows Module Definition,1,0,1,4
2017,1,C,1206,137527,265271,686260
2017,2,PO File,217,83027,104686,251807
2017,3,SQL,547,16376,11087,64732
2017,4,C/C++ Header,742,13349,37288,58448
2017,5,XML,3,10,18,30982
2017,6,Text,22,98,0,26047
2017,7,Bourne Shell,40,2789,2537,18113
2017,8,yacc,9,1771,2672,16740
2017,9,Perl,116,2802,2207,15895
2017,10,make,254,1828,1807,5245
2017,11,lex,12,916,1930,4822
2017,12,m4,12,250,27,2024
2017,13,Snakemake,2,0,5,1050
2017,14,Nemerle,1,7,0,972
2017,15,XSLT,7,145,110,955
2017,16,diff,1,17,118,153
2017,17,Python,2,40,57,114
2017,18,DOS Batch,7,22,30,99
2017,19,Assembly,3,17,38,69
2017,20,D,1,14,14,66
2017,21,CSS,1,18,6,62
2017,22,Windows Resource File,2,3,0,32
2017,23,Lisp,1,1,1,17
2017,24,sed,1,1,7,15
2017,25,Bourne Again Shell,1,8,6,10
2017,26,CSV,2,0,0,9
2017,27,Windows Message File,1,0,0,5
2017,28,Windows Module Definition,1,0,1,4
2018,1,C,1258,147144,284590,729021
2018,2,PO File,257,98245,125083,297362
2018,3,SQL,599,18422,12600,72496
2018,4,C/C++ Header,793,14124,39755,69049
2018,5,XML,4,28,24,31109
2018,6,Text,22,98,0,25834
2018,7,Perl,138,3864,2958,24089
2018,8,Bourne Shell,37,2855,2529,18593
2018,9,yacc,9,1823,2762,17606
2018,10,make,258,1851,1871,5242
2018,11,lex,12,960,1980,4919
2018,12,m4,14,296,134,2317
2018,13,XSLT,11,204,143,1193
2018,14,Snakemake,2,0,5,1164
2018,15,Nemerle,1,7,0,972
2018,16,DOS Batch,7,21,30,126
2018,17,Python,2,46,65,123
2018,18,CSS,1,21,9,74
2018,19,Assembly,3,17,38,69
2018,20,D,1,14,14,66
2018,21,Windows Resource File,2,3,0,32
2018,22,Lisp,1,1,1,17
2018,23,sed,1,1,7,15
2018,24,CSV,4,0,0,13
2018,25,Bourne Again Shell,1,8,6,10
2018,26,Windows Message File,1,0,0,5
2018,27,Windows Module Definition,1,0,1,4
2019,1,C,1284,152748,297175,759080
2019,2,PO File,307,111114,140601,340473
2019,3,SQL,634,20482,13938,80426
2019,4,C/C++ Header,796,13819,40341,61767
2019,5,XML,4,28,24,31112
2019,6,Text,22,98,0,25847
2019,7,Perl,153,4313,3415,23010
2019,8,Bourne Shell,38,3150,2662,20406
2019,9,yacc,9,1864,2799,17905
2019,10,make,270,1924,2061,5556
2019,11,lex,12,997,2048,5103
2019,12,m4,16,335,134,2620
2019,13,Snakemake,2,0,5,1385
2019,14,XSLT,11,206,144,1198
2019,15,Nemerle,1,7,0,972
2019,16,C++,3,155,253,655
2019,17,Python,2,47,69,129
2019,18,DOS Batch,6,20,26,121
2019,19,CSS,1,21,9,74
2019,20,Assembly,3,17,38,69
2019,21,D,1,14,14,66
2019,22,Bourne Again Shell,1,21,6,32
2019,23,Windows Resource File,2,3,0,32
2019,24,Lisp,1,1,1,17
2019,25,sed,1,1,7,15
2019,26,CSV,4,0,0,13
2019,27,Windows Message File,1,0,0,5
2019,28,Windows Module Definition,1,0,1,4
2020,1,C,1324,157457,309045,786425
2020,2,PO File,316,123186,153675,373587
2020,3,SQL,658,21694,15042,86349
2020,4,C/C++ Header,830,14620,43260,65271
2020,5,XML,4,29,25,31114
2020,6,Text,34,98,0,27438
2020,7,Perl,165,4992,4083,26094
2020,8,Bourne Shell,38,3185,2826,20606
2020,9,yacc,10,1974,2872,18528
2020,10,make,276,1969,2104,6552
2020,11,lex,13,1115,2154,5603
2020,12,m4,16,329,136,2589
2020,13,Snakemake,2,0,5,1506
2020,14,XSLT,12,221,161,1247
2020,15,Nemerle,1,7,0,972
2020,16,C++,3,156,254,656
2020,17,SVG,3,0,76,416
2020,18,Python,2,55,96,160
2020,19,DOS Batch,6,20,26,128
2020,20,CSS,1,22,10,79
2020,21,Assembly,3,17,38,69
2020,22,D,1,14,14,66
2020,23,Bourne Again Shell,1,21,6,32
2020,24,Windows Resource File,2,3,0,32
2020,25,Lisp,1,1,1,17
2020,26,sed,1,1,7,15
2020,27,CSV,4,0,0,13
2020,28,INI,1,3,0,11
2020,29,Windows Message File,1,0,0,5
2020,30,Windows Module Definition,1,0,1,4
2021,1,C,1359,163849,326105,821340
2021,2,PO File,347,129896,162374,393238
2021,3,SQL,651,23042,16067,91339
2021,4,C/C++ Header,855,15162,45108,78521
2021,5,XML,4,29,25,31114
2021,6,Perl,194,5861,4844,30084
2021,7,Text,34,98,0,27442
2021,8,Bourne Shell,38,3189,2866,20759
2021,9,yacc,10,1965,2865,18936
2021,10,make,283,2023,2105,6788
2021,11,lex,13,1110,2252,5332
2021,12,m4,16,617,172,4692
2021,13,Snakemake,2,0,5,1605
2021,14,XSLT,12,237,179,1423
2021,15,Nemerle,1,7,0,972
2021,16,C++,3,160,269,668
2021,17,SVG,3,0,76,416
2021,18,Python,2,55,94,160
2021,19,DOS Batch,6,20,26,125
2021,20,CSS,1,33,12,120
2021,21,Assembly,3,17,38,69
2021,22,D,1,14,14,66
2021,23,Windows Resource File,2,4,1,34
2021,24,Bourne Again Shell,1,21,6,32
2021,25,Lisp,1,1,1,17
2021,26,sed,1,1,7,15
2021,27,CSV,4,0,0,13
2021,28,INI,1,3,0,11
2021,29,Windows Message File,1,0,0,5
2021,30,Windows Module Definition,1,0,1,4
2022,1,C,1392,169233,340508,851952
2022,2,PO File,386,143600,176890,432395
2022,3,SQL,690,25189,18434,98973
2022,4,C/C++ Header,882,16089,55273,83107
2022,5,Perl,222,7412,6391,35418
2022,6,XML,4,29,25,31114
2022,7,Text,34,98,0,27450
2022,8,Bourne Shell,36,3247,2911,21191
2022,9,yacc,10,2011,2994,19639
2022,10,make,288,2049,2221,6895
2022,11,lex,13,1121,2278,5393
2022,12,m4,14,614,155,4661
2022,13,Snakemake,2,0,5,1614
2022,14,XSLT,12,238,179,1423
2022,15,C++,3,163,277,688
2022,16,SVG,3,0,76,416
2022,17,YAML,1,81,65,401
2022,18,Python,2,55,94,160
2022,19,DOS Batch,6,20,26,127
2022,20,CSS,1,33,12,120
2022,21,Assembly,3,17,38,69
2022,22,D,1,14,14,66
2022,23,Windows Resource File,2,4,1,34
2022,24,Bourne Again Shell,1,21,6,32
2022,25,Lisp,1,1,1,17
2022,26,Prolog,1,2,0,17
2022,27,sed,1,1,7,16
2022,28,CSV,4,0,0,13
2022,29,INI,1,3,0,11
2022,30,Windows Message File,1,0,0,5
2022,31,Windows Module Definition,1,0,1,4
2023,1,C,1438,170698,350098,857053
2023,2,PO File,396,147519,181566,443006
2023,3,SQL,700,26396,19689,105158
2023,4,C/C++ Header,900,16853,57509,85277
2023,5,Perl,256,9370,8053,43744
2023,6,XML,4,29,25,31113
2023,7,Text,35,167,0,27589
2023,8,Bourne Shell,35,3163,2812,20983
2023,9,yacc,10,2784,2947,19916
2023,10,Meson,262,1829,1105,9960
2023,11,make,298,2125,2275,7150
2023,12,lex,13,1111,2184,5367
2023,13,m4,13,609,154,4438
2023,14,Snakemake,2,0,5,1651
2023,15,XSLT,12,238,182,1418
2023,16,C++,3,164,277,713
2023,17,YAML,1,128,123,534
2023,18,SVG,3,0,76,416
2023,19,Python,7,135,129,362
2023,20,DOS Batch,6,21,26,129
2023,21,CSS,1,33,12,120
2023,22,D,1,14,14,66
2023,23,Assembly,2,14,38,44
2023,24,Windows Resource File,2,3,1,33
2023,25,Bourne Again Shell,1,21,6,32
2023,26,sed,2,3,17,19
2023,27,Lisp,1,1,1,17
2023,28,Prolog,1,2,0,17
2023,29,CSV,4,0,0,13
2023,30,INI,1,3,0,11
2023,31,Windows Message File,1,0,0,5
2023,32,Windows Module Definition,1,0,1,4
2024,1,C,1459,174811,358370,874033
2024,2,PO File,433,157211,194010,470376
2024,3,SQL,720,27224,20418,108746
2024,4,C/C++ Header,915,17205,58918,86478
2024,5,Perl,276,10735,9288,49575
2024,6,XML,5,29,29,31117
2024,7,Text,37,206,0,28073
2024,8,Bourne Shell,36,3161,2852,21074
2024,9,yacc,10,2816,2985,20200
2024,10,Meson,262,1852,1121,10211
2024,11,make,298,2149,2286,7397
2024,12,lex,13,1118,2193,5403
2024,13,m4,13,607,154,4450
2024,14,Snakemake,2,0,5,1651
2024,15,XSLT,11,247,198,1516
2024,16,C++,3,164,277,713
2024,17,YAML,2,139,167,546
2024,18,SVG,3,0,76,416
2024,19,Python,8,156,135,410
2024,20,DOS Batch,6,21,26,145
2024,21,CSS,1,37,14,131
2024,22,D,1,14,14,66
2024,23,Assembly,2,14,38,44
2024,24,Windows Resource File,2,3,1,33
2024,25,Bourne Again Shell,1,21,6,32
2024,26,sed,2,3,17,19
2024,27,Lisp,1,1,1,17
2024,28,Prolog,1,2,0,17
2024,29,CSV,5,0,0,16
2024,30,INI,1,3,0,11
2024,31,IDL,8,0,0,8
2024,32,Windows Message File,1,0,0,5
2024,33,Windows Module Definition,1,0,1,4